timestamp,length,src_ip,dst_ip,protocol,attack,attack_group,count
20954244,66,15314,3438,6,0,0,2
20954244,74,15314,3438,6,0,0,1
20954244,66,15314,3444,6,0,0,2
20954244,74,15314,3444,6,0,0,1
20954244,615,15314,3438,6,0,0,1
20954244,74,15314,4066,6,0,0,1
20954244,66,15314,4066,6,0,0,2
20954244,615,15314,3444,6,0,0,1
20954244,615,15314,4066,6,0,0,1
20954244,74,15314,4388,6,0,0,1
20954244,66,15314,4388,6,0,0,2
20954244,615,15314,4388,6,0,0,1
20954245,66,15314,4394,6,0,0,2
20954245,74,15314,4394,6,0,0,1
20954245,615,15314,4394,6,0,0,1
20954245,74,15314,4406,6,0,0,1
20954245,66,15314,4406,6,0,0,2
20954245,66,15314,8551,6,0,0,2
20954245,74,15314,8551,6,0,0,1
20954245,615,15314,4406,6,0,0,1
20954245,615,15314,8551,6,0,0,1
20954245,66,15314,8613,6,0,0,2
20954245,74,15314,8613,6,0,0,1
20954245,615,15314,8613,6,0,0,1
20954246,74,15314,8667,6,0,0,1
20954246,66,15314,8667,6,0,0,2
20954246,615,15314,8667,6,0,0,1
20954246,74,15314,11096,6,0,0,1
20954246,66,15314,11096,6,0,0,3
20954246,615,15314,11096,6,0,0,1
20954249,60,8613,2575,6,1,1,1068
20954249,60,4388,2575,6,1,1,1068
20954249,60,8551,2575,6,1,1,1068
20954249,60,3444,2575,6,1,1,1068
20954249,60,8667,2575,6,1,1,1068
20954249,60,4066,2575,6,1,1,1068
20954249,60,4406,2575,6,1,1,1068
20954249,60,4394,2575,6,1,1,1068
20954249,60,3438,2575,6,1,1,1068
20954250,60,8551,2575,6,1,1,1200
20954250,60,8613,2575,6,1,1,1200
20954250,60,4388,2575,6,1,1,1200
20954250,60,3444,2575,6,1,1,1200
20954250,60,8667,2575,6,1,1,1200
20954250,60,4066,2575,6,1,1,1200
20954250,60,4394,2575,6,1,1,1198
20954250,60,3438,2575,6,1,1,1198
20954250,60,4406,2575,6,1,1,1198
20954250,119,14577,7298,6,2,4,2
20954251,60,4394,2575,6,1,1,1200
20954251,60,4406,2575,6,1,1,1200
20954251,60,3438,2575,6,1,1,1200
20954251,60,8551,2575,6,1,1,1200
20954251,60,8613,2575,6,1,1,1200
20954251,60,4388,2575,6,1,1,1198
20954251,60,3444,2575,6,1,1,1198
20954251,60,8667,2575,6,1,1,1198
20954251,60,4066,2575,6,1,1,1198
20954252,60,3444,2575,6,1,1,1200
20954252,60,4388,2575,6,1,1,1200
20954252,60,8667,2575,6,1,1,1200
20954252,60,4066,2575,6,1,1,1200
20954252,60,4406,2575,6,1,1,1200
20954252,60,4394,2575,6,1,1,1200
20954252,60,3438,2575,6,1,1,1200
20954252,60,8613,2575,6,1,1,1198
20954252,60,8551,2575,6,1,1,1198
20954252,60,17209,13877,6,2,4,4
20954252,79,15865,12702,6,2,4,2
20954253,60,8613,2575,6,1,1,1200
20954253,60,3444,2575,6,1,1,1200
20954253,60,8551,2575,6,1,1,1200
20954253,60,8667,2575,6,1,1,1200
20954253,60,4388,2575,6,1,1,1200
20954253,60,4066,2575,6,1,1,1200
20954253,60,4406,2575,6,1,1,1200
20954253,60,4394,2575,6,1,1,1200
20954253,60,3438,2575,6,1,1,1200
20954253,140,2819,3613,6,2,4,2
20954253,114,1347,11141,6,2,4,4
20954253,60,14585,11105,6,3,1,23711
20954254,60,14585,11105,6,3,1,58617
20954254,60,8613,2575,6,1,1,34
20954254,60,8551,2575,6,1,1,34
20954254,60,8667,2575,6,1,1,34
20954254,60,3444,2575,6,1,1,34
20954254,60,4388,2575,6,1,1,34
20954254,60,4066,2575,6,1,1,34
20954254,60,4406,2575,6,1,1,34
20954254,60,4394,2575,6,1,1,34
20954254,60,3438,2575,6,1,1,34
20954255,60,14585,11105,6,3,1,24259
20954255,60,1280,11105,6,3,1,24099
20954255,74,16106,10081,6,4,4,3
20954256,60,1280,11105,6,3,1,58759
20954256,74,16106,10081,6,4,4,1
20954256,66,9388,1952,6,5,4,3
20954256,74,9388,1952,6,5,4,1
20954256,96,9388,1952,6,5,4,1
20954256,74,9388,16289,6,5,4,1
20954256,66,9388,16289,6,5,4,16
20954256,88,9388,16289,6,5,4,1
20954257,60,1280,11105,6,3,1,24116
20954261,66,1952,9388,6,6,2,296
20954261,74,1952,9388,6,6,2,1
20954261,112,1952,9388,6,6,2,1
20954262,66,1952,9388,6,6,2,4109
20954262,78,1952,9388,6,6,2,23
20954262,86,1952,9388,6,6,2,16
20954269,74,4684,14938,6,5,4,1
20954269,66,4684,14938,6,5,4,3
20954269,96,4684,14938,6,5,4,1
20954269,74,4684,16289,6,5,4,1
20954269,66,4684,16289,6,5,4,16
20954269,88,4684,16289,6,5,4,1
20954270,60,2685,11105,6,3,1,14372
20954270,60,15835,11105,6,3,1,14351
20954271,60,15835,11105,6,3,1,59240
20954271,60,2685,11105,6,3,1,59241
20954272,60,2685,11105,6,3,1,59131
20954272,60,15835,11105,6,3,1,59129
20954272,74,16106,10081,6,4,4,4
20954272,74,14938,4684,6,7,2,1
20954272,66,14938,4684,6,7,2,6066
20954272,80,14938,4684,6,7,2,1
20954273,60,2685,11105,6,3,1,59094
20954273,60,15835,11105,6,3,1,59100
20954273,66,14938,4684,6,7,2,15511
20954274,60,15835,11105,6,3,1,59134
20954274,60,2685,11105,6,3,1,59134
20954274,66,14938,4684,6,7,2,8489
20954275,60,2685,11105,6,3,1,34168
20954275,60,15835,11105,6,3,1,34166
20954276,60,16932,12946,17,2,4,2
20954276,105,14749,5177,6,2,4,2
20954281,74,16119,8343,6,8,4,1
20954281,66,16119,8343,6,8,4,5
20954281,85,16119,8343,6,8,4,1
20954281,1514,16119,8343,6,8,4,10
20954281,1337,16119,8343,6,8,4,1
20954284,74,9443,16119,6,9,3,1
20954284,66,9443,16119,6,9,3,3
20954284,70,9443,16119,6,9,3,1
20954284,93,9443,16119,6,9,3,1
20954284,1514,9443,16119,6,9,3,170
20954284,122,9443,16119,6,9,3,1
20954284,72,9443,16119,6,9,3,1
20954284,255,9443,16119,6,9,3,1
20954284,129,9443,16119,6,9,3,1
20954284,1013,9443,16119,6,9,3,1
20954284,836,9443,16119,6,9,3,1
20954284,270,9443,16119,6,9,3,1
20954284,666,9443,16119,6,9,3,1
20954284,586,9443,16119,6,9,3,1
20954284,626,9443,16119,6,9,3,4
20954284,1380,9443,16119,6,9,3,1
20954284,132,9443,16119,6,9,3,1
20954284,1472,9443,16119,6,9,3,1
20954284,1204,9443,16119,6,9,3,1
20954284,1301,9443,16119,6,9,3,1
20954284,131,9443,16119,6,9,3,2
20954284,939,9443,16119,6,9,3,1
20954284,539,9443,16119,6,9,3,1
20954284,154,9443,16119,6,9,3,1
20954284,137,9443,16119,6,9,3,1
20954284,546,9443,16119,6,9,3,1
20954284,973,9443,16119,6,9,3,1
20954284,951,9443,16119,6,9,3,1
20954284,905,9443,16119,6,9,3,1
20954284,1492,9443,16119,6,9,3,1
20954285,66,9443,16119,6,10,3,3
20954285,70,9443,16119,6,10,3,1
20954285,74,9443,16119,6,10,3,1
20954285,290,9443,16119,6,10,3,1
20954285,865,9443,16119,6,10,3,1
20954285,1514,9443,16119,6,10,3,209
20954285,522,9443,16119,6,10,3,2
20954285,227,9443,16119,6,10,3,1
20954285,925,9443,16119,6,10,3,1
20954285,857,9443,16119,6,10,3,1
20954285,1139,9443,16119,6,10,3,1
20954285,274,9443,16119,6,10,3,1
20954285,1306,9443,16119,6,10,3,1
20954285,1307,9443,16119,6,10,3,1
20954285,441,9443,16119,6,10,3,1
20954285,1187,9443,16119,6,10,3,1
20954285,1346,9443,16119,6,10,3,1
20954285,60,9443,16119,6,10,3,53
20954287,74,9443,16119,6,10,3,1
20954287,66,9443,16119,6,10,3,3
20954287,70,9443,16119,6,10,3,1
20954287,290,9443,16119,6,10,3,1
20954287,802,9443,16119,6,10,3,1
20954287,1514,9443,16119,6,10,3,154
20954287,522,9443,16119,6,10,3,1
20954287,776,9443,16119,6,10,3,1
20954287,354,9443,16119,6,10,3,1
20954287,1266,9443,16119,6,10,3,2
20954287,935,9443,16119,6,10,3,1
20954287,899,9443,16119,6,10,3,1
20954287,60,9443,16119,6,10,3,34
20954289,1514,9443,16119,6,10,3,15
20954294,1514,16625,4415,17,11,4,1
20954297,74,8648,16583,6,5,4,1
20954297,66,8648,16583,6,5,4,3
20954297,96,8648,16583,6,5,4,1
20954297,74,8648,16289,6,5,4,1
20954297,66,8648,16289,6,5,4,16
20954297,88,8648,16289,6,5,4,1
20954297,60,34,11105,6,3,1,14
20954297,60,50,11105,6,3,1,13
20954297,60,6,11105,6,3,1,12
20954297,60,7,11105,6,3,1,10
20954297,60,15,11105,6,3,1,6
20954297,60,25,11105,6,3,1,6
20954297,60,26,11105,6,3,1,8
20954297,60,33,11105,6,3,1,7
20954297,60,15029,11105,6,3,1,5
20954297,60,15011,11105,6,3,1,5
20954297,60,15020,11105,6,3,1,5
20954297,60,16371,11105,6,3,1,7
20954297,60,16377,11105,6,3,1,6
20954297,60,16379,11105,6,3,1,6
20954297,60,16388,11105,6,3,1,6
20954297,60,16393,11105,6,3,1,3
20954297,60,16802,11105,6,3,1,3
20954297,60,16816,11105,6,3,1,10
20954297,60,17232,11105,6,3,1,7
20954297,60,17240,11105,6,3,1,4
20954297,60,17243,11105,6,3,1,4
20954297,60,17684,11105,6,3,1,4
20954297,60,17669,11105,6,3,1,4
20954298,60,17240,11105,6,3,1,52
20954298,60,33,11105,6,3,1,15
20954298,60,7,11105,6,3,1,15
20954298,60,16371,11105,6,3,1,15
20954298,60,16393,11105,6,3,1,15
20954298,60,17677,11105,6,3,1,48
20954298,60,17243,11105,6,3,1,60
20954298,60,16377,11105,6,3,1,15
20954298,60,34,11105,6,3,1,15
20954298,60,16802,11105,6,3,1,15
20954298,60,15029,11105,6,3,1,15
20954298,60,15,11105,6,3,1,15
20954298,60,17681,11105,6,3,1,16
20954298,60,17684,11105,6,3,1,61
20954298,60,50,11105,6,3,1,15
20954298,60,25,11105,6,3,1,15
20954298,60,15011,11105,6,3,1,15
20954298,60,17629,11105,6,3,1,16
20954298,60,16379,11105,6,3,1,15
20954298,60,16816,11105,6,3,1,47
20954298,60,17232,11105,6,3,1,66
20954298,60,17669,11105,6,3,1,49
20954298,60,6,11105,6,3,1,15
20954298,60,26,11105,6,3,1,15
20954298,60,15020,11105,6,3,1,15
20954298,60,16388,11105,6,3,1,15
20954298,60,17634,11105,6,3,1,43
20954298,60,17643,11105,6,3,1,15
20954298,60,17647,11105,6,3,1,39
20954298,60,17655,11105,6,3,1,46
20954298,60,17658,11105,6,3,1,48
20954298,60,17667,11105,6,3,1,39
20954298,60,18101,11105,6,3,1,45
20954298,60,18129,11105,6,3,1,14
20954298,60,18107,11105,6,3,1,14
20954298,60,18112,11105,6,3,1,34
20954298,60,18626,11105,6,3,1,13
20954298,60,18634,11105,6,3,1,13
20954298,60,18642,11105,6,3,1,39
20954298,60,18606,11105,6,3,1,33
20954298,60,18607,11105,6,3,1,34
20954298,60,18609,11105,6,3,1,29
20954298,60,18612,11105,6,3,1,12
20954298,60,18614,11105,6,3,1,21
20954298,60,18619,11105,6,3,1,11
20954298,60,19109,11105,6,3,1,11
20954298,60,19113,11105,6,3,1,11
20954298,60,19080,11105,6,3,1,10
20954298,60,19085,11105,6,3,1,13
20954298,60,19094,11105,6,3,1,10
20954298,60,413,11105,6,3,1,10
20954298,60,419,11105,6,3,1,9
20954298,60,375,11105,6,3,1,9
20954298,60,386,11105,6,3,1,9
20954298,60,392,11105,6,3,1,9
20954298,60,399,11105,6,3,1,8
20954298,60,404,11105,6,3,1,8
20954298,60,1214,11105,6,3,1,8
20954298,60,1217,11105,6,3,1,10
20954298,60,1225,11105,6,3,1,7
20954298,60,1237,11105,6,3,1,7
20954298,60,2051,11105,6,3,1,16
20954298,60,2052,11105,6,3,1,7
20954298,60,2062,11105,6,3,1,6
20954298,60,2065,11105,6,3,1,6
20954298,60,2022,11105,6,3,1,15
20954298,60,2027,11105,6,3,1,6
20954298,60,2041,11105,6,3,1,5
20954298,60,2498,11105,6,3,1,5
20954298,60,2464,11105,6,3,1,5
20954298,60,2470,11105,6,3,1,5
20954298,60,2473,11105,6,3,1,4
20954298,60,2475,11105,6,3,1,4
20954298,60,2480,11105,6,3,1,4
20954298,60,2491,11105,6,3,1,4
20954298,60,2922,11105,6,3,1,3
20954298,60,2884,11105,6,3,1,3
20954298,60,2898,11105,6,3,1,3
20954298,60,2934,11105,6,3,1,3
20954298,60,2879,11105,6,3,1,2
20954298,60,2889,11105,6,3,1,2
20954298,60,2902,11105,6,3,1,2
20954298,60,2908,11105,6,3,1,2
20954299,60,1217,11105,6,3,1,39
20954299,60,17684,11105,6,3,1,26
20954299,60,33,11105,6,3,1,4
20954299,60,7,11105,6,3,1,3
20954299,60,16371,11105,6,3,1,5
20954299,60,16393,11105,6,3,1,6
20954299,60,17240,11105,6,3,1,25
20954299,60,17677,11105,6,3,1,19
20954299,60,17643,11105,6,3,1,9
20954299,60,17667,11105,6,3,1,34
20954299,60,18614,11105,6,3,1,39
20954299,60,18112,11105,6,3,1,32
20954299,60,18606,11105,6,3,1,43
20954299,60,419,11105,6,3,1,15
20954299,60,1225,11105,6,3,1,15
20954299,60,19080,11105,6,3,1,32
20954299,60,2041,11105,6,3,1,31
20954299,60,399,11105,6,3,1,15
20954299,60,2062,11105,6,3,1,15
20954299,60,2922,11105,6,3,1,15
20954299,60,2473,11105,6,3,1,25
20954299,60,2879,11105,6,3,1,23
20954299,60,2911,11105,6,3,1,16
20954299,60,2051,11105,6,3,1,36
20954299,60,18101,11105,6,3,1,33
20954299,60,17232,11105,6,3,1,26
20954299,60,34,11105,6,3,1,2
20954299,60,16377,11105,6,3,1,5
20954299,60,15029,11105,6,3,1,4
20954299,60,15,11105,6,3,1,3
20954299,60,16802,11105,6,3,1,6
20954299,60,17681,11105,6,3,1,8
20954299,60,17658,11105,6,3,1,38
20954299,60,18607,11105,6,3,1,35
20954299,60,17243,11105,6,3,1,26
20954299,74,16583,8648,6,7,2,1
20954299,66,16583,8648,6,7,2,3253
20954299,80,16583,8648,6,7,2,1
20954299,60,17647,11105,6,3,1,20
20954299,60,18619,11105,6,3,1,13
20954299,60,18626,11105,6,3,1,11
20954299,60,19085,11105,6,3,1,48
20954299,60,404,11105,6,3,1,15
20954299,60,1237,11105,6,3,1,38
20954299,60,375,11105,6,3,1,15
20954299,60,2475,11105,6,3,1,15
20954299,60,2065,11105,6,3,1,15
20954299,60,2498,11105,6,3,1,15
20954299,60,2889,11105,6,3,1,24
20954299,60,2916,11105,6,3,1,16
20954299,60,2884,11105,6,3,1,24
20954299,60,17669,11105,6,3,1,28
20954299,60,50,11105,6,3,1,2
20954299,60,25,11105,6,3,1,3
20954299,60,15011,11105,6,3,1,4
20954299,60,16379,11105,6,3,1,5
20954299,60,17629,11105,6,3,1,8
20954299,60,16816,11105,6,3,1,15
20954299,60,18634,11105,6,3,1,11
20954299,60,17655,11105,6,3,1,29
20954299,60,18129,11105,6,3,1,10
20954299,60,19109,11105,6,3,1,13
20954299,60,18609,11105,6,3,1,28
20954299,60,19094,11105,6,3,1,14
20954299,60,386,11105,6,3,1,15
20954299,60,2022,11105,6,3,1,55
20954299,60,1214,11105,6,3,1,15
20954299,60,2480,11105,6,3,1,15
20954299,60,2464,11105,6,3,1,28
20954299,60,2902,11105,6,3,1,27
20954299,60,2898,11105,6,3,1,15
20954299,60,3333,11105,6,3,1,26
20954299,60,18642,11105,6,3,1,38
20954299,60,6,11105,6,3,1,2
20954299,60,26,11105,6,3,1,3
20954299,60,15020,11105,6,3,1,4
20954299,60,16388,11105,6,3,1,5
20954299,60,18107,11105,6,3,1,10
20954299,60,19113,11105,6,3,1,13
20954299,60,17634,11105,6,3,1,21
20954299,60,18612,11105,6,3,1,12
20954299,60,413,11105,6,3,1,14
20954299,60,392,11105,6,3,1,15
20954299,60,2052,11105,6,3,1,29
20954299,60,2470,11105,6,3,1,26
20954299,60,2027,11105,6,3,1,26
20954299,60,2491,11105,6,3,1,15
20954299,60,3341,11105,6,3,1,16
20954299,60,2908,11105,6,3,1,21
20954299,60,2934,11105,6,3,1,21
20954299,60,3307,11105,6,3,1,15
20954299,60,3314,11105,6,3,1,15
20954299,60,3324,11105,6,3,1,15
20954299,60,3328,11105,6,3,1,15
20954299,60,14155,11105,6,3,1,22
20954299,60,14568,11105,6,3,1,14
20954299,60,14578,11105,6,3,1,14
20954299,60,14583,11105,6,3,1,14
20954299,60,14593,11105,6,3,1,13
20954299,60,15050,11105,6,3,1,18
20954299,60,15055,11105,6,3,1,18
20954299,60,15070,11105,6,3,1,17
20954299,60,15083,11105,6,3,1,12
20954300,66,16583,8648,6,7,2,4527
20954300,60,1217,11105,6,3,1,5
20954300,60,2908,11105,6,3,1,10
20954300,60,2934,11105,6,3,1,9
20954300,60,2041,11105,6,3,1,9
20954300,60,1225,11105,6,3,1,2
20954300,60,399,11105,6,3,1,1
20954300,60,2062,11105,6,3,1,3
20954300,60,2922,11105,6,3,1,6
20954300,60,2473,11105,6,3,1,7
20954300,60,2879,11105,6,3,1,15
20954300,60,3307,11105,6,3,1,9
20954300,60,14155,11105,6,3,1,12
20954300,60,2911,11105,6,3,1,8
20954300,60,15083,11105,6,3,1,12
20954300,60,14593,11105,6,3,1,11
20954300,60,2027,11105,6,3,1,5
20954300,60,2022,11105,6,3,1,8
20954300,60,15070,11105,6,3,1,13
20954300,60,2052,11105,6,3,1,4
20954300,60,1237,11105,6,3,1,5
20954300,60,2889,11105,6,3,1,10
20954300,60,2884,11105,6,3,1,10
20954300,60,404,11105,6,3,1,1
20954300,60,2475,11105,6,3,1,5
20954300,60,2065,11105,6,3,1,3
20954300,60,2498,11105,6,3,1,4
20954300,60,2916,11105,6,3,1,8
20954300,60,3314,11105,6,3,1,9
20954300,60,14568,11105,6,3,1,10
20954300,60,15050,11105,6,3,1,14
20954300,60,2470,11105,6,3,1,7
20954300,74,16075,4062,6,8,4,1
20954300,66,16075,4062,6,8,4,5
20954300,60,1214,11105,6,3,1,1
20954300,60,2051,11105,6,3,1,5
20954300,60,2480,11105,6,3,1,5
20954300,60,2464,11105,6,3,1,7
20954300,60,2902,11105,6,3,1,10
20954300,60,2898,11105,6,3,1,6
20954300,60,3333,11105,6,3,1,11
20954300,60,14578,11105,6,3,1,10
20954300,60,3324,11105,6,3,1,9
20954300,60,15055,11105,6,3,1,13
20954300,60,2491,11105,6,3,1,5
20954300,60,3341,11105,6,3,1,8
20954300,60,3328,11105,6,3,1,9
20954300,60,14583,11105,6,3,1,10
20954300,84,16075,4062,6,8,4,1
20954300,1514,16075,4062,6,8,4,10
20954300,1337,16075,4062,6,8,4,1
20954300,1514,18567,8536,17,11,4,1
20954301,74,1637,8343,6,8,4,1
20954301,66,1637,8343,6,8,4,6
20954301,87,1637,8343,6,8,4,1
20954301,773,1637,8343,6,8,4,1
20954302,74,4437,16075,6,12,3,1
20954302,66,4437,16075,6,12,3,1
20954302,67,4437,16075,6,12,3,1
20954302,75,4437,16075,6,12,3,1
20954302,60,4437,16075,6,12,3,2
20954302,66,16583,8648,6,7,2,8978
20954302,1514,16625,4415,17,11,4,1
20954303,66,16583,8648,6,7,2,14536
20954304,66,4437,16075,6,9,3,6
20954304,74,4437,16075,6,9,3,2
20954304,70,4437,16075,6,9,3,2
20954304,93,4437,16075,6,9,3,1
20954304,86,4437,16075,6,9,3,1
20954304,1514,4437,16075,6,9,3,831
20954304,116,4437,16075,6,9,3,1
20954304,247,4437,16075,6,9,3,1
20954304,129,4437,16075,6,9,3,1
20954304,73,4437,16075,6,9,3,1
20954304,1490,4437,16075,6,9,3,1
20954304,90,4437,16075,6,9,3,1
20954304,306,4437,16075,6,9,3,1
20954304,242,4437,16075,6,9,3,1
20954304,1178,4437,16075,6,9,3,2
20954304,1138,4437,16075,6,9,3,1
20954304,1394,4437,16075,6,9,3,1
20954304,1278,4437,16075,6,9,3,1
20954304,132,4437,16075,6,9,3,1
20954304,89,4437,16075,6,9,3,1
20954304,842,4437,16075,6,9,3,1
20954304,882,4437,16075,6,9,3,2
20954304,1414,4437,16075,6,9,3,1
20954304,131,4437,16075,6,9,3,2
20954304,1500,4437,16075,6,9,3,1
20954304,137,4437,16075,6,9,3,1
20954304,561,4437,16075,6,9,3,1
20954304,395,4437,16075,6,9,3,1
20954304,719,4437,16075,6,9,3,1
20954304,66,15168,4053,6,13,0,2
20954304,74,15168,4053,6,13,0,1
20954304,66,18068,4053,6,14,0,1
20954304,74,18068,4053,6,14,0,1
20954304,562,15168,4053,6,13,0,1
20954304,66,15168,4681,6,13,0,2
20954304,74,15168,4681,6,13,0,1
20954304,806,4437,16075,6,9,3,1
20954304,121,4437,16075,6,9,3,1
20954304,274,4437,16075,6,9,3,1
20954304,669,4437,16075,6,9,3,1
20954304,573,4437,16075,6,9,3,1
20954304,1424,4437,16075,6,9,3,1
20954304,264,4437,16075,6,9,3,1
20954304,369,4437,16075,6,9,3,1
20954304,405,4437,16075,6,9,3,1
20954304,638,4437,16075,6,9,3,1
20954304,60,4437,16075,6,9,3,12
20954304,66,15168,8586,6,13,0,2
20954304,74,15168,8586,6,13,0,1
20954304,139,18068,4053,6,14,0,1
20954304,1514,18068,4053,6,14,0,9
20954304,1103,18068,4053,6,14,0,1
20954304,562,15168,4681,6,13,0,1
20954304,66,18068,4681,6,14,0,1
20954304,74,18068,4681,6,14,0,1
20954304,66,4053,18505,6,15,0,10
20954304,74,4053,18505,6,15,0,2
20954304,86,4053,18505,6,15,0,1
20954304,89,4053,18505,6,15,0,1
20954304,138,18068,4681,6,14,0,1
20954304,1514,18068,4681,6,14,0,9
20954304,562,15168,8586,6,13,0,1
20954304,1103,18068,4681,6,14,0,1
20954305,66,4053,18170,6,15,0,34
20954305,74,4053,18170,6,15,0,17
20954305,81,4053,18170,6,15,0,17
20954305,95,4053,18170,6,15,0,18
20954305,93,4053,18170,6,15,0,5
20954305,71,4053,18170,6,15,0,17
20954305,88,4053,18170,6,15,0,5
20954305,140,4053,18170,6,15,0,17
20954305,74,4053,17854,6,15,0,13
20954305,66,4053,17854,6,15,0,26
20954305,60,4053,18170,6,15,0,17
20954305,139,18068,8586,6,14,0,1
20954305,1514,18068,8586,6,14,0,9
20954305,66,15168,9287,6,13,0,1
20954305,74,18068,9287,6,14,0,1
20954305,562,15168,9287,6,13,0,1
20954305,1103,18068,8586,6,14,0,1
20954305,66,18068,9287,6,14,0,1
20954305,66,4681,18505,6,15,0,8
20954305,74,4681,18505,6,15,0,2
20954305,86,4681,18505,6,15,0,1
20954305,89,4681,18505,6,15,0,1
20954305,81,4053,17854,6,15,0,13
20954305,95,4053,17854,6,15,0,19
20954305,71,4053,17854,6,15,0,13
20954305,90,4053,17854,6,15,0,6
20954305,140,4053,17854,6,15,0,13
20954305,60,4053,17854,6,15,0,13
20954305,94,4053,17854,6,15,0,3
20954305,89,4053,17854,6,15,0,3
20954305,66,4053,16089,6,15,0,16
20954305,74,4053,16089,6,15,0,8
20954305,81,4053,16089,6,15,0,8
20954305,95,4053,16089,6,15,0,9
20954305,98,4053,16089,6,15,0,3
20954305,71,4053,16089,6,15,0,8
20954305,93,4053,16089,6,15,0,3
20954305,140,4053,16089,6,15,0,8
20954305,60,4053,16089,6,15,0,8
20954305,96,4053,18170,6,15,0,2
20954305,91,4053,18170,6,15,0,2
20954305,74,4053,17960,6,15,0,11
20954305,66,4053,17960,6,15,0,22
20954305,81,4053,17960,6,15,0,11
20954305,95,4053,17960,6,15,0,14
20954305,96,4053,17960,6,15,0,4
20954305,71,4053,17960,6,15,0,11
20954305,91,4053,17960,6,15,0,4
20954305,140,4053,17960,6,15,0,11
20954305,60,4053,17960,6,15,0,11
20954305,90,4053,17960,6,15,0,3
20954305,90,4053,16089,6,15,0,1
20954305,139,18068,9287,6,14,0,1
20954305,1514,18068,9287,6,14,0,9
20954305,234,18068,9287,6,14,0,1
20954305,935,18068,9287,6,14,0,1
20954305,66,8586,18505,6,15,0,10
20954305,74,8586,18505,6,15,0,2
20954305,86,8586,18505,6,15,0,1
20954305,89,8586,18505,6,15,0,1
20954305,94,4053,18170,6,15,0,6
20954305,89,4053,18170,6,15,0,6
20954305,74,15168,9302,6,13,0,1
20954305,66,15168,9302,6,13,0,2
20954305,97,4053,16089,6,15,0,3
20954305,92,4053,16089,6,15,0,3
20954305,74,4681,18170,6,15,0,7
20954305,66,4681,18170,6,15,0,14
20954305,66,15168,10068,6,13,0,2
20954305,74,15168,10068,6,13,0,1
20954305,81,4681,18170,6,15,0,7
20954305,95,4681,18170,6,15,0,7
20954305,96,4681,18170,6,15,0,4
20954305,71,4681,18170,6,15,0,7
20954305,91,4681,18170,6,15,0,4
20954305,140,4681,18170,6,15,0,7
20954305,60,4681,18170,6,15,0,7
20954305,66,4681,16089,6,15,0,20
20954305,74,4681,16089,6,15,0,10
20954305,99,4053,17960,6,15,0,2
20954305,94,4053,17960,6,15,0,2
20954305,81,4681,16089,6,15,0,10
20954305,95,4681,16089,6,15,0,12
20954305,71,4681,16089,6,15,0,10
20954305,90,4681,16089,6,15,0,2
20954305,140,4681,16089,6,15,0,10
20954305,60,4681,16089,6,15,0,10
20954305,93,4681,18170,6,15,0,1
20954305,88,4681,18170,6,15,0,1
20954305,66,4681,17960,6,15,0,8
20954305,74,4681,17960,6,15,0,4
20954305,97,4053,17854,6,15,0,1
20954305,92,4053,17854,6,15,0,1
20954305,81,4681,17960,6,15,0,4
20954305,95,4681,17960,6,15,0,6
20954305,98,4681,17960,6,15,0,1
20954305,71,4681,17960,6,15,0,4
20954305,93,4681,17960,6,15,0,1
20954305,140,4681,17960,6,15,0,4
20954305,66,4681,17854,6,15,0,33
20954305,74,4681,17854,6,15,0,17
20954305,60,4681,17960,6,15,0,4
20954305,81,4681,17854,6,15,0,16
20954305,95,4681,17854,6,15,0,21
20954305,94,4681,17854,6,15,0,3
20954305,71,4681,17854,6,15,0,16
20954305,89,4681,17854,6,15,0,2
20954305,140,4681,17854,6,15,0,16
20954305,60,4681,17854,6,15,0,16
20954305,66,9287,18505,6,15,0,10
20954305,74,9287,18505,6,15,0,2
20954305,86,9287,18505,6,15,0,1
20954305,89,9287,18505,6,15,0,1
20954305,97,4681,16089,6,15,0,5
20954305,92,4681,16089,6,15,0,4
20954305,66,18068,9302,6,14,0,1
20954305,74,18068,9302,6,14,0,1
20954305,562,15168,9302,6,13,0,1
20954305,98,4681,16089,6,15,0,2
20954305,93,4681,16089,6,15,0,2
20954305,96,4681,16089,6,15,0,1
20954305,91,4681,16089,6,15,0,1
20954305,90,4681,17960,6,15,0,2
20954305,96,4053,17854,6,15,0,3
20954305,91,4053,17854,6,15,0,3
20954305,94,4681,18170,6,15,0,2
20954305,89,4681,18170,6,15,0,2
20954305,97,4053,18170,6,15,0,2
20954305,92,4053,18170,6,15,0,3
20954305,90,4681,17854,6,15,0,5
20954305,74,15168,10377,6,13,0,1
20954305,66,15168,10377,6,13,0,2
20954305,93,4681,17854,6,15,0,2
20954305,96,4053,16089,6,15,0,1
20954305,91,4053,16089,6,15,0,1
20954305,88,4681,17854,6,15,0,2
20954305,98,4053,17960,6,15,0,2
20954305,93,4053,17960,6,15,0,2
20954305,139,18068,9302,6,14,0,1
20954305,562,15168,10068,6,13,0,1
20954305,1103,18068,9302,6,14,0,1
20954305,1514,18068,9302,6,14,0,9
20954305,66,18068,10068,6,14,0,1
20954305,74,18068,10068,6,14,0,1
20954305,102,4681,16089,6,15,0,1
20954305,97,4681,17854,6,15,0,1
20954305,92,4681,17854,6,15,0,1
20954305,90,4053,18170,6,15,0,1
20954305,87,4053,18170,6,15,0,1
20954305,138,18068,10068,6,14,0,1
20954305,1514,18068,10068,6,14,0,9
20954305,66,18068,10377,6,14,0,1
20954305,74,18068,10377,6,14,0,1
20954305,234,18068,10068,6,14,0,1
20954305,562,15168,10377,6,13,0,1
20954305,935,18068,10068,6,14,0,1
20954305,66,9302,18505,6,15,0,10
20954305,74,9302,18505,6,15,0,2
20954305,86,9302,18505,6,15,0,1
20954305,89,9302,18505,6,15,0,1
20954305,96,4681,17854,6,15,0,5
20954305,91,4681,17854,6,15,0,5
20954305,97,4681,17960,6,15,0,1
20954305,92,4681,17960,6,15,0,1
20954305,99,4681,17854,6,15,0,1
20954305,60,18068,4053,6,14,0,1
20954305,137,18068,10377,6,14,0,1
20954305,1514,18068,10377,6,14,0,9
20954305,1103,18068,10377,6,14,0,1
20954305,66,10068,18505,6,15,0,8
20954305,74,10068,18505,6,15,0,2
20954305,86,10068,18505,6,15,0,1
20954305,89,10068,18505,6,15,0,1
20954306,66,4681,17854,6,15,0,39
20954306,81,4681,17854,6,15,0,20
20954306,95,4681,17854,6,15,0,24
20954306,92,4681,17854,6,15,0,5
20954306,71,4681,17854,6,15,0,20
20954306,87,4681,17854,6,15,0,4
20954306,140,4681,17854,6,15,0,20
20954306,60,4681,17854,6,15,0,20
20954306,74,4681,17854,6,15,0,19
20954306,90,4681,17854,6,15,0,4
20954306,74,4681,17960,6,15,0,8
20954306,66,4681,17960,6,15,0,15
20954306,74,8335,1637,6,16,0,1
20954306,66,8335,1637,6,16,0,3
20954306,99,8335,1637,6,16,0,1
20954306,74,8335,16289,6,16,0,1
20954306,66,8335,16289,6,16,0,17
20954306,88,8335,16289,6,16,0,1
20954306,81,4681,17960,6,15,0,7
20954306,95,4681,17960,6,15,0,8
20954306,96,4681,17960,6,15,0,4
20954306,71,4681,17960,6,15,0,7
20954306,91,4681,17960,6,15,0,4
20954306,140,4681,17960,6,15,0,7
20954306,66,4681,18170,6,15,0,42
20954306,74,4681,18170,6,15,0,21
20954306,60,4681,17960,6,15,0,7
20954306,81,4681,18170,6,15,0,21
20954306,95,4681,18170,6,15,0,23
20954306,71,4681,18170,6,15,0,21
20954306,90,4681,18170,6,15,0,2
20954306,140,4681,18170,6,15,0,21
20954306,60,4681,18170,6,15,0,22
20954306,94,4681,17854,6,15,0,3
20954306,89,4681,17854,6,15,0,3
20954306,74,10377,18505,6,15,0,2
20954306,66,10377,18505,6,15,0,8
20954306,86,10377,18505,6,15,0,1
20954306,89,10377,18505,6,15,0,1
20954306,93,4681,17854,6,15,0,3
20954306,88,4681,17854,6,15,0,3
20954306,94,4681,18170,6,15,0,7
20954306,89,4681,18170,6,15,0,7
20954306,96,4681,17854,6,15,0,5
20954306,91,4681,17854,6,15,0,4
20954306,93,4681,18170,6,15,0,3
20954306,88,4681,18170,6,15,0,3
20954306,96,4681,18170,6,15,0,6
20954306,91,4681,18170,6,15,0,6
20954306,94,4681,17960,6,15,0,1
20954306,89,4681,17960,6,15,0,1
20954306,90,4681,17960,6,15,0,1
20954306,62,14820,7557,6,2,4,4
20954306,62,14820,7559,6,2,4,4
20954306,62,14820,7561,6,2,4,4
20954306,62,14820,7562,6,2,4,4
20954306,62,14820,7551,6,2,4,4
20954306,62,14820,7552,6,2,4,4
20954306,62,14820,7554,6,2,4,4
20954306,62,14820,7563,6,2,4,4
20954306,62,14820,7564,6,2,4,4
20954306,62,14820,7566,6,2,4,4
20954306,62,14820,7548,6,2,4,4
20954306,62,14820,7553,6,2,4,4
20954306,62,14820,7550,6,2,4,4
20954306,97,4681,17854,6,15,0,1
20954306,97,4681,17960,6,15,0,1
20954306,92,4681,17960,6,15,0,1
20954306,66,4681,16089,6,15,0,12
20954306,74,4681,16089,6,15,0,6
20954306,81,4681,16089,6,15,0,6
20954306,95,4681,16089,6,15,0,8
20954306,71,4681,16089,6,15,0,6
20954306,90,4681,16089,6,15,0,2
20954306,140,4681,16089,6,15,0,6
20954306,60,4681,16089,6,15,0,7
20954306,98,4681,16089,6,15,0,2
20954306,93,4681,16089,6,15,0,2
20954306,60,18068,9287,6,14,0,1
20954306,97,4681,18170,6,15,0,3
20954306,92,4681,18170,6,15,0,3
20954306,96,4681,16089,6,15,0,1
20954306,91,4681,16089,6,15,0,1
20954306,60,18068,9302,6,14,0,1
20954306,101,4681,17854,6,15,0,1
20954306,97,4681,16089,6,15,0,1
20954306,92,4681,16089,6,15,0,1
20954307,66,4681,17960,6,15,0,20
20954307,81,4681,17960,6,15,0,10
20954307,95,4681,17960,6,15,0,13
20954307,71,4681,17960,6,15,0,10
20954307,90,4681,17960,6,15,0,3
20954307,140,4681,17960,6,15,0,10
20954307,74,4681,18170,6,15,0,22
20954307,66,4681,18170,6,15,0,44
20954307,60,4681,17960,6,15,0,11
20954307,81,4681,18170,6,15,0,22
20954307,95,4681,18170,6,15,0,26
20954307,94,4681,18170,6,15,0,8
20954307,71,4681,18170,6,15,0,22
20954307,89,4681,18170,6,15,0,8
20954307,140,4681,18170,6,15,0,22
20954307,60,4681,18170,6,15,0,22
20954307,93,4681,18170,6,15,0,3
20954307,88,4681,18170,6,15,0,1
20954307,90,4681,18170,6,15,0,4
20954307,60,18068,10068,6,14,0,1
20954307,98,4681,18170,6,15,0,2
20954307,74,4681,17960,6,15,0,10
20954307,96,4681,17960,6,15,0,2
20954307,91,4681,17960,6,15,0,3
20954307,66,4681,17854,6,15,0,36
20954307,74,4681,17854,6,15,0,18
20954307,81,4681,17854,6,15,0,18
20954307,95,4681,17854,6,15,0,25
20954307,93,4681,17854,6,15,0,5
20954307,71,4681,17854,6,15,0,18
20954307,88,4681,17854,6,15,0,4
20954307,140,4681,17854,6,15,0,18
20954307,60,4681,17854,6,15,0,18
20954307,96,4681,18170,6,15,0,6
20954307,91,4681,18170,6,15,0,6
20954307,66,18068,10377,6,14,0,1
20954307,92,4681,17854,6,15,0,1
20954307,87,4681,17854,6,15,0,1
20954307,74,4681,16089,6,15,0,4
20954307,66,4681,16089,6,15,0,8
20954307,81,4681,16089,6,15,0,4
20954307,95,4681,16089,6,15,0,5
20954307,97,4681,16089,6,15,0,2
20954307,71,4681,16089,6,15,0,4
20954307,92,4681,16089,6,15,0,2
20954307,140,4681,16089,6,15,0,4
20954307,60,4681,16089,6,15,0,4
20954307,60,18068,8586,6,14,0,1
20954307,97,4681,17960,6,15,0,1
20954307,92,4681,17960,6,15,0,1
20954307,98,4681,17960,6,15,0,2
20954307,93,4681,17960,6,15,0,2
20954307,94,4681,17854,6,15,0,3
20954307,89,4681,17854,6,15,0,3
20954307,99,4681,17960,6,15,0,1
20954307,94,4681,17960,6,15,0,1
20954307,90,4681,17854,6,15,0,7
20954307,98,4681,17854,6,15,0,1
20954307,86,4681,17960,6,15,0,1
20954307,96,4681,17854,6,15,0,2
20954307,91,4681,17854,6,15,0,1
20954307,90,4681,16089,6,15,0,1
20954307,97,4681,18170,6,15,0,1
20954307,92,4681,18170,6,15,0,1
20954307,101,4681,17854,6,15,0,1
20954307,96,4681,16089,6,15,0,1
20954307,91,4681,16089,6,15,0,1
20954308,66,4681,17960,6,15,0,3
20954308,81,4681,17960,6,15,0,2
20954308,95,4681,17960,6,15,0,3
20954308,71,4681,17960,6,15,0,2
20954308,90,4681,17960,6,15,0,1
20954308,140,4681,17960,6,15,0,2
20954308,74,4681,17854,6,15,0,5
20954308,66,4681,17854,6,15,0,10
20954308,60,4681,17960,6,15,0,2
20954308,81,4681,17854,6,15,0,5
20954308,95,4681,17854,6,15,0,5
20954308,93,4681,17854,6,15,0,1
20954308,71,4681,17854,6,15,0,5
20954308,88,4681,17854,6,15,0,1
20954308,140,4681,17854,6,15,0,5
20954308,66,4681,18170,6,15,0,18
20954308,74,4681,18170,6,15,0,9
20954308,60,4681,17854,6,15,0,5
20954308,81,4681,18170,6,15,0,9
20954308,95,4681,18170,6,15,0,10
20954308,94,4681,18170,6,15,0,4
20954308,71,4681,18170,6,15,0,9
20954308,89,4681,18170,6,15,0,4
20954308,140,4681,18170,6,15,0,9
20954308,60,4681,18170,6,15,0,9
20954308,74,4681,16089,6,15,0,5
20954308,66,4681,16089,6,15,0,10
20954308,81,4681,16089,6,15,0,5
20954308,95,4681,16089,6,15,0,5
20954308,96,4681,16089,6,15,0,4
20954308,71,4681,16089,6,15,0,5
20954308,91,4681,16089,6,15,0,4
20954308,140,4681,16089,6,15,0,5
20954308,60,4681,16089,6,15,0,5
20954308,74,1637,8335,6,17,2,1
20954308,66,1637,8335,6,17,2,185
20954308,112,1637,8335,6,17,2,1
20954308,90,4681,18170,6,15,0,1
20954308,98,4681,18170,6,15,0,2
20954308,93,4681,18170,6,15,0,2
20954308,97,4681,17854,6,15,0,1
20954308,92,4681,17854,6,15,0,1
20954308,97,4681,16089,6,15,0,1
20954308,92,4681,16089,6,15,0,1
20954308,97,4681,18170,6,15,0,1
20954308,92,4681,18170,6,15,0,2
20954308,94,4681,17854,6,15,0,2
20954308,89,4681,17854,6,15,0,1
20954308,96,4681,17854,6,15,0,1
20954308,91,4681,17854,6,15,0,1
20954308,74,4681,17960,6,15,0,1
20954308,94,4681,17960,6,15,0,1
20954308,89,4681,17960,6,15,0,1
20954308,99,4681,17854,6,15,0,1
20954308,87,4681,18170,6,15,0,1
20954309,74,10343,1951,6,12,3,1
20954309,66,10343,1951,6,12,3,1
20954309,67,10343,1951,6,12,3,1
20954309,75,10343,1951,6,12,3,1
20954309,60,10343,1951,6,12,3,2
20954310,74,9357,18918,6,5,4,1
20954310,66,9357,18918,6,5,4,3
20954310,96,9357,18918,6,5,4,1
20954310,74,9357,16289,6,5,4,1
20954310,66,9357,16289,6,5,4,17
20954310,88,9357,16289,6,5,4,1
20954311,60,34,11105,6,3,1,17
20954311,60,50,11105,6,3,1,17
20954311,60,6,11105,6,3,1,15
20954311,74,10343,1951,6,9,3,1
20954311,66,10343,1951,6,9,3,3
20954311,70,10343,1951,6,9,3,1
20954311,97,10343,1951,6,9,3,1
20954311,86,10343,1951,6,9,3,1
20954311,1514,10343,1951,6,9,3,1
20954311,60,10343,1951,6,9,3,2
20954311,60,7,11105,6,3,1,46
20954311,60,15,11105,6,3,1,14
20954311,60,25,11105,6,3,1,14
20954311,60,26,11105,6,3,1,44
20954311,60,33,11105,6,3,1,44
20954311,60,15029,11105,6,3,1,13
20954311,60,15011,11105,6,3,1,13
20954311,60,15020,11105,6,3,1,39
20954311,60,16371,11105,6,3,1,36
20954311,60,16377,11105,6,3,1,34
20954311,60,16379,11105,6,3,1,36
20954311,60,16388,11105,6,3,1,34
20954311,60,16393,11105,6,3,1,34
20954311,60,16802,11105,6,3,1,28
20954311,60,16816,11105,6,3,1,33
20954311,60,17232,11105,6,3,1,28
20954311,60,17240,11105,6,3,1,28
20954311,60,17243,11105,6,3,1,25
20954311,60,17684,11105,6,3,1,23
20954311,60,17669,11105,6,3,1,22
20954311,60,17677,11105,6,3,1,21
20954311,60,17681,11105,6,3,1,9
20954311,60,17629,11105,6,3,1,9
20954311,60,17634,11105,6,3,1,18
20954311,60,17643,11105,6,3,1,9
20954311,60,17647,11105,6,3,1,21
20954311,60,17655,11105,6,3,1,23
20954311,60,17658,11105,6,3,1,16
20954311,60,17667,11105,6,3,1,13
20954311,60,18101,11105,6,3,1,12
20954311,60,18129,11105,6,3,1,7
20954311,60,18107,11105,6,3,1,7
20954311,60,18112,11105,6,3,1,17
20954311,60,18626,11105,6,3,1,6
20954311,60,18634,11105,6,3,1,6
20954311,60,18642,11105,6,3,1,8
20954311,60,18606,11105,6,3,1,8
20954311,60,18607,11105,6,3,1,5
20954311,60,18609,11105,6,3,1,12
20954311,60,18612,11105,6,3,1,5
20954311,60,18614,11105,6,3,1,9
20954311,60,18619,11105,6,3,1,4
20954311,60,19109,11105,6,3,1,4
20954311,60,19113,11105,6,3,1,4
20954311,60,19080,11105,6,3,1,4
20954311,60,19085,11105,6,3,1,4
20954311,74,4681,18505,6,15,0,2
20954311,66,4681,18505,6,15,0,7
20954311,86,4681,18505,6,15,0,1
20954311,89,4681,18505,6,15,0,1
20954311,60,19094,11105,6,3,1,3
20954311,60,413,11105,6,3,1,3
20954311,60,419,11105,6,3,1,3
20954311,60,375,11105,6,3,1,2
20954311,60,386,11105,6,3,1,2
20954311,60,392,11105,6,3,1,2
20954311,60,399,11105,6,3,1,2
20954312,60,19085,11105,6,3,1,25
20954312,60,15,11105,6,3,1,10
20954312,60,15029,11105,6,3,1,11
20954312,60,34,11105,6,3,1,9
20954312,60,16802,11105,6,3,1,13
20954312,60,16377,11105,6,3,1,12
20954312,60,17243,11105,6,3,1,14
20954312,60,17681,11105,6,3,1,15
20954312,60,18101,11105,6,3,1,15
20954312,60,18626,11105,6,3,1,15
20954312,60,18619,11105,6,3,1,15
20954312,60,17647,11105,6,3,1,23
20954312,60,18607,11105,6,3,1,15
20954312,60,404,11105,6,3,1,16
20954312,60,375,11105,6,3,1,15
20954312,60,50,11105,6,3,1,9
20954312,60,25,11105,6,3,1,10
20954312,60,15011,11105,6,3,1,11
20954312,60,16379,11105,6,3,1,12
20954312,60,16816,11105,6,3,1,25
20954312,60,17629,11105,6,3,1,15
20954312,60,17684,11105,6,3,1,14
20954312,60,17655,11105,6,3,1,26
20954312,60,18129,11105,6,3,1,15
20954312,60,18634,11105,6,3,1,15
20954312,60,19109,11105,6,3,1,15
20954312,60,19094,11105,6,3,1,15
20954312,60,1214,11105,6,3,1,16
20954312,60,18609,11105,6,3,1,22
20954312,60,386,11105,6,3,1,15
20954312,60,26,11105,6,3,1,10
20954312,60,15020,11105,6,3,1,11
20954312,60,6,11105,6,3,1,9
20954312,60,16388,11105,6,3,1,12
20954312,60,17232,11105,6,3,1,13
20954312,60,17669,11105,6,3,1,14
20954312,60,18642,11105,6,3,1,15
20954312,60,17658,11105,6,3,1,15
20954312,60,18107,11105,6,3,1,15
20954312,60,17634,11105,6,3,1,15
20954312,60,18612,11105,6,3,1,15
20954312,60,19113,11105,6,3,1,15
20954312,60,392,11105,6,3,1,15
20954312,60,1217,11105,6,3,1,16
20954312,60,413,11105,6,3,1,15
20954312,60,7,11105,6,3,1,9
20954312,60,16393,11105,6,3,1,12
20954312,60,33,11105,6,3,1,10
20954312,60,17240,11105,6,3,1,13
20954312,60,16371,11105,6,3,1,11
20954312,60,17667,11105,6,3,1,15
20954312,60,17677,11105,6,3,1,14
20954312,60,17643,11105,6,3,1,15
20954312,60,18112,11105,6,3,1,23
20954312,60,18606,11105,6,3,1,15
20954312,60,419,11105,6,3,1,15
20954312,60,18614,11105,6,3,1,17
20954312,60,399,11105,6,3,1,15
20954312,60,19080,11105,6,3,1,15
20954312,60,1225,11105,6,3,1,16
20954312,60,1237,11105,6,3,1,17
20954312,60,2051,11105,6,3,1,15
20954312,60,2052,11105,6,3,1,15
20954312,60,2062,11105,6,3,1,15
20954312,60,2065,11105,6,3,1,14
20954312,60,2022,11105,6,3,1,14
20954312,60,2027,11105,6,3,1,14
20954312,60,2041,11105,6,3,1,14
20954312,60,2498,11105,6,3,1,13
20954312,60,2464,11105,6,3,1,13
20954312,60,2470,11105,6,3,1,13
20954312,60,2473,11105,6,3,1,13
20954312,60,2475,11105,6,3,1,12
20954312,60,2480,11105,6,3,1,12
20954312,60,2491,11105,6,3,1,12
20954312,60,2922,11105,6,3,1,12
20954312,60,2884,11105,6,3,1,11
20954312,60,2898,11105,6,3,1,11
20954312,60,2934,11105,6,3,1,11
20954312,60,2879,11105,6,3,1,13
20954312,60,2889,11105,6,3,1,10
20954312,60,2902,11105,6,3,1,10
20954312,60,2908,11105,6,3,1,12
20954312,60,2911,11105,6,3,1,10
20954312,60,2916,11105,6,3,1,9
20954312,60,3333,11105,6,3,1,15
20954312,60,3341,11105,6,3,1,9
20954312,60,3307,11105,6,3,1,9
20954312,60,3314,11105,6,3,1,8
20954312,60,3324,11105,6,3,1,8
20954312,60,3328,11105,6,3,1,8
20954312,60,14155,11105,6,3,1,9
20954312,60,14568,11105,6,3,1,7
20954312,60,14578,11105,6,3,1,7
20954312,60,14583,11105,6,3,1,7
20954312,60,14593,11105,6,3,1,7
20954312,60,15050,11105,6,3,1,17
20954312,60,15055,11105,6,3,1,6
20954312,60,15070,11105,6,3,1,15
20954312,60,15083,11105,6,3,1,6
20954312,74,10343,1951,6,10,3,1
20954312,66,10343,1951,6,10,3,3
20954312,70,10343,1951,6,10,3,1
20954312,83,10343,1951,6,10,3,1
20954312,98,10343,1951,6,10,3,1
20954312,1514,10343,1951,6,10,3,42
20954312,69,10343,1951,6,10,3,1
20954312,88,10343,1951,6,10,3,1
20954312,60,10343,1951,6,10,3,1
20954312,60,18068,4681,6,14,0,1
20954313,60,18626,11105,6,3,1,3
20954313,60,18101,11105,6,3,1,2
20954313,60,18619,11105,6,3,1,5
20954313,60,17647,11105,6,3,1,2
20954313,60,19085,11105,6,3,1,6
20954313,60,18607,11105,6,3,1,4
20954313,60,404,11105,6,3,1,8
20954313,60,1237,11105,6,3,1,9
20954313,60,2065,11105,6,3,1,10
20954313,60,2498,11105,6,3,1,11
20954313,60,2884,11105,6,3,1,13
20954313,60,2475,11105,6,3,1,12
20954313,60,2889,11105,6,3,1,23
20954313,60,375,11105,6,3,1,7
20954313,60,14568,11105,6,3,1,15
20954313,60,3314,11105,6,3,1,15
20954313,60,2916,11105,6,3,1,15
20954313,60,15050,11105,6,3,1,36
20954313,60,17655,11105,6,3,1,2
20954313,60,18129,11105,6,3,1,2
20954313,60,18634,11105,6,3,1,3
20954313,60,19109,11105,6,3,1,5
20954313,60,19094,11105,6,3,1,6
20954313,60,1214,11105,6,3,1,8
20954313,60,18609,11105,6,3,1,7
20954313,60,386,11105,6,3,1,7
20954313,60,2051,11105,6,3,1,9
20954313,60,2022,11105,6,3,1,10
20954313,60,2480,11105,6,3,1,12
20954313,60,3333,11105,6,3,1,32
20954313,60,2464,11105,6,3,1,11
20954313,60,2898,11105,6,3,1,13
20954313,60,3324,11105,6,3,1,15
20954313,60,15055,11105,6,3,1,20
20954313,60,2902,11105,6,3,1,16
20954313,60,14578,11105,6,3,1,15
20954313,60,17658,11105,6,3,1,1
20954313,60,18642,11105,6,3,1,3
20954313,60,18107,11105,6,3,1,2
20954313,60,18612,11105,6,3,1,4
20954313,60,19113,11105,6,3,1,5
20954313,60,392,11105,6,3,1,7
20954313,60,2052,11105,6,3,1,9
20954313,60,413,11105,6,3,1,6
20954313,60,2470,11105,6,3,1,11
20954313,60,1217,11105,6,3,1,8
20954313,60,2027,11105,6,3,1,10
20954313,60,2491,11105,6,3,1,12
20954313,60,2934,11105,6,3,1,13
20954313,60,2908,11105,6,3,1,24
20954313,60,3341,11105,6,3,1,15
20954313,60,14583,11105,6,3,1,15
20954313,60,3328,11105,6,3,1,15
20954313,60,15070,11105,6,3,1,30
20954313,60,17667,11105,6,3,1,1
20954313,60,18112,11105,6,3,1,4
20954313,60,18606,11105,6,3,1,3
20954313,60,419,11105,6,3,1,6
20954313,60,18614,11105,6,3,1,4
20954313,60,399,11105,6,3,1,7
20954313,60,19080,11105,6,3,1,5
20954313,60,1225,11105,6,3,1,8
20954313,60,2041,11105,6,3,1,10
20954313,60,2062,11105,6,3,1,9
20954313,60,2473,11105,6,3,1,11
20954313,60,2911,11105,6,3,1,14
20954313,60,2922,11105,6,3,1,12
20954313,60,2879,11105,6,3,1,27
20954313,60,3307,11105,6,3,1,15
20954313,60,14155,11105,6,3,1,24
20954313,60,14593,11105,6,3,1,15
20954313,60,15083,11105,6,3,1,15
20954314,60,14568,11105,6,3,1,2
20954314,60,3314,11105,6,3,1,1
20954314,60,15050,11105,6,3,1,3
20954314,60,3324,11105,6,3,1,1
20954314,60,15055,11105,6,3,1,3
20954314,60,14578,11105,6,3,1,2
20954314,60,14583,11105,6,3,1,2
20954314,60,3328,11105,6,3,1,1
20954314,60,15070,11105,6,3,1,3
20954314,60,14155,11105,6,3,1,1
20954314,60,14593,11105,6,3,1,2
20954314,60,15083,11105,6,3,1,3
20954314,66,18918,9357,6,6,2,251
20954314,74,18918,9357,6,6,2,1
20954314,84,18918,9357,6,6,2,1
20954314,69,18918,9357,6,6,2,39
20954314,75,18918,9357,6,6,2,6
20954314,87,18918,9357,6,6,2,1
20954314,81,18918,9357,6,6,2,3
20954314,72,18918,9357,6,6,2,5
20954314,96,18918,9357,6,6,2,1
20954314,78,18918,9357,6,6,2,4
20954314,86,18918,9357,6,6,2,2
20954314,94,18918,9357,6,6,2,7
20954314,90,18918,9357,6,6,2,1
20954314,102,18918,9357,6,6,2,1
20954314,108,18918,9357,6,6,2,1
20954314,74,18747,3448,6,8,4,1
20954314,66,18747,3448,6,8,4,5
20954314,85,18747,3448,6,8,4,1
20954314,785,18747,3448,6,8,4,1
20954315,74,10343,1951,6,9,3,1
20954315,66,10343,1951,6,9,3,3
20954315,70,10343,1951,6,9,3,1
20954315,69,10343,1951,6,9,3,1
20954315,131,10343,1951,6,9,3,1
20954315,60,10343,1951,6,9,3,1
20954316,66,15168,3547,6,13,0,2
20954316,74,15168,3547,6,13,0,1
20954316,562,15168,3547,6,13,0,1
20954316,66,18068,3547,6,14,0,1
20954316,74,18068,3547,6,14,0,1
20954316,66,15168,4371,6,13,0,2
20954316,74,15168,4371,6,13,0,1
20954316,66,15168,8566,6,13,0,2
20954316,74,15168,8566,6,13,0,1
20954316,138,18068,3547,6,14,0,1
20954316,1514,18068,3547,6,14,0,9
20954316,1103,18068,3547,6,14,0,1
20954316,562,15168,4371,6,13,0,1
20954316,66,18068,4371,6,14,0,1
20954316,74,18068,4371,6,14,0,1
20954316,66,3547,18505,6,15,0,7
20954316,74,3547,18505,6,15,0,2
20954316,86,3547,18505,6,15,0,1
20954316,89,3547,18505,6,15,0,1
20954316,139,18068,4371,6,14,0,1
20954316,1514,18068,4371,6,14,0,9
20954316,562,15168,8566,6,13,0,1
20954316,1103,18068,4371,6,14,0,1
20954317,66,18068,8595,6,14,0,1
20954317,66,15168,8595,6,13,0,1
20954317,74,18068,8595,6,14,0,1
20954317,562,15168,8595,6,13,0,1
20954317,66,8566,18505,6,15,0,7
20954317,74,8566,18505,6,15,0,2
20954317,86,8566,18505,6,15,0,1
20954317,89,8566,18505,6,15,0,1
20954317,66,15168,9211,6,13,0,1
20954317,139,18068,8595,6,14,0,1
20954317,562,15168,9211,6,13,0,1
20954317,1514,18068,8595,6,14,0,9
20954317,1103,18068,8595,6,14,0,1
20954317,74,18068,9211,6,14,0,1
20954317,66,18068,9211,6,14,0,1
20954317,66,15168,9260,6,13,0,2
20954317,74,15168,9260,6,13,0,1
20954317,139,18068,9211,6,14,0,1
20954317,1514,18068,9211,6,14,0,9
20954317,234,18068,9211,6,14,0,1
20954317,935,18068,9211,6,14,0,1
20954317,74,8595,18505,6,15,0,2
20954317,66,8595,18505,6,15,0,10
20954317,86,8595,18505,6,15,0,1
20954317,89,8595,18505,6,15,0,1
20954317,562,15168,9260,6,13,0,1
20954317,66,18068,9260,6,14,0,1
20954317,74,18068,9260,6,14,0,1
20954317,74,4354,18747,6,16,0,1
20954317,66,4354,18747,6,16,0,3
20954317,99,4354,18747,6,16,0,1
20954317,74,4354,16289,6,16,0,1
20954317,66,4354,16289,6,16,0,17
20954317,88,4354,16289,6,16,0,1
20954317,74,9211,18505,6,15,0,2
20954317,66,9211,18505,6,15,0,10
20954317,86,9211,18505,6,15,0,1
20954317,89,9211,18505,6,15,0,1
20954317,139,18068,9260,6,14,0,1
20954317,1103,18068,9260,6,14,0,1
20954317,1514,18068,9260,6,14,0,9
20954317,74,15168,9365,6,13,0,1
20954317,66,15168,9365,6,13,0,2
20954317,66,9260,18505,6,15,0,8
20954317,74,9260,18505,6,15,0,2
20954317,86,9260,18505,6,15,0,1
20954317,89,9260,18505,6,15,0,1
20954317,562,15168,9365,6,13,0,1
20954318,139,18068,9365,6,14,0,1
20954318,1514,18068,9365,6,14,0,9
20954318,1103,18068,9365,6,14,0,1
20954318,66,15168,9384,6,13,0,1
20954318,74,18068,9384,6,14,0,1
20954318,562,15168,9384,6,13,0,1
20954318,66,18068,9384,6,14,0,1
20954318,60,18068,8566,6,14,0,1
20954318,74,9365,18505,6,15,0,2
20954318,66,9365,18505,6,15,0,8
20954318,86,9365,18505,6,15,0,1
20954318,89,9365,18505,6,15,0,1
20954318,74,15168,9433,6,13,0,1
20954318,66,15168,9433,6,13,0,2
20954318,139,18068,9384,6,14,0,1
20954318,1514,18068,9384,6,14,0,9
20954318,1103,18068,9384,6,14,0,1
20954318,74,18068,9433,6,14,0,1
20954318,562,15168,9433,6,13,0,1
20954318,66,18068,9433,6,14,0,1
20954318,74,9384,18505,6,15,0,2
20954318,66,9384,18505,6,15,0,9
20954318,86,9384,18505,6,15,0,1
20954318,89,9384,18505,6,15,0,1
20954318,66,15168,10329,6,13,0,2
20954318,74,15168,10329,6,13,0,1
20954318,74,15168,11223,6,13,0,1
20954318,66,15168,11223,6,13,0,2
20954318,138,18068,9433,6,14,0,1
20954318,1514,18068,9433,6,14,0,9
20954318,1103,18068,9433,6,14,0,1
20954318,60,18068,3547,6,14,0,1
20954318,562,15168,10329,6,13,0,1
20954318,66,18068,10329,6,14,0,1
20954318,74,18068,10329,6,14,0,1
20954318,74,9433,18505,6,15,0,2
20954318,66,9433,18505,6,15,0,10
20954318,86,9433,18505,6,15,0,1
20954318,89,9433,18505,6,15,0,1
20954318,60,18068,8595,6,14,0,1
20954318,137,18068,10329,6,14,0,1
20954318,1514,18068,10329,6,14,0,9
20954318,562,15168,11223,6,13,0,1
20954318,1103,18068,10329,6,14,0,1
20954319,66,15168,11894,6,13,0,1
20954319,136,18068,11223,6,14,0,1
20954319,562,15168,11894,6,13,0,1
20954319,1514,18068,11223,6,14,0,9
20954319,66,18068,11894,6,14,0,1
20954319,74,18068,11894,6,14,0,1
20954319,1103,18068,11223,6,14,0,1
20954319,74,10329,18505,6,15,0,2
20954319,66,10329,18505,6,15,0,9
20954319,86,10329,18505,6,15,0,1
20954319,89,10329,18505,6,15,0,1
20954319,135,18068,11894,6,14,0,1
20954319,1514,18068,11894,6,14,0,9
20954319,1103,18068,11894,6,14,0,1
20954319,66,11223,18505,6,15,0,9
20954319,74,11223,18505,6,15,0,2
20954319,86,11223,18505,6,15,0,1
20954319,89,11223,18505,6,15,0,1
20954319,74,11894,18505,6,15,0,2
20954319,66,11894,18505,6,15,0,9
20954319,86,11894,18505,6,15,0,1
20954319,89,11894,18505,6,15,0,1
20954319,60,18068,9433,6,14,0,1
20954319,74,2886,3461,6,18,4,2
20954319,66,2886,3461,6,18,4,11
20954319,90,2886,3461,6,18,4,1
20954319,69,2886,3461,6,18,4,3
20954319,75,2886,3461,6,18,4,1
20954319,102,2886,3461,6,18,4,1
20954319,79,2886,3461,6,18,4,1
20954319,67,2886,3461,6,18,4,2
20954320,60,18068,10329,6,14,0,1
20954320,74,15073,9271,6,19,2,1
20954320,66,15073,9271,6,19,2,7
20954320,235,15073,9271,6,19,2,1
20954320,78,15073,9271,6,19,2,3
20954320,60,18068,4371,6,14,0,1
20954320,60,18068,9211,6,14,0,1
20954320,66,18068,11894,6,14,0,1
20954320,60,18068,9365,6,14,0,1
20954320,60,18068,9384,6,14,0,1
20954320,60,18068,9260,6,14,0,1
20954320,60,18068,11223,6,14,0,1
20954321,74,18747,4354,6,20,2,1
20954321,66,18747,4354,6,20,2,7477
20954321,80,18747,4354,6,20,2,1
